timestamp,subject,description,classification,attempts,final_draft,final_feedback,escalation_reason
2025-08-06T18:58:34.902432,i need help,issue help,technical,3,"Dear [Customer],

I'm so sorry to hear that you're experiencing issues and need help. I can imagine how frustrating it must be for you to encounter this problem. I'm here to assist you and provide a solution.

Firstly, I'd like to acknowledge that I understand the importance of resolving your issue promptly. I'll do my best to provide you with accurate and helpful information to get you back on track.

Based on our documentation, I'd like to suggest a few steps to troubleshoot the issue. Have you tried clearing your browser cache and cookies? If not, please follow these steps:

1. Press Ctrl + Shift + Delete (Windows) or Command + Shift + Delete (Mac) to open the browser's settings.
2. Click on ""Cookies and other site data"" and select ""Clear data.""
3. Click on ""Cache"" and select ""Clear cache.""

If clearing your browser cache and cookies doesn't resolve the issue, please try resetting your password. Make sure you're using the correct email address associated with your account.

Additionally, I'd like to remind you that our platform is compatible with Chrome 90+, Firefox 88+, Safari 14+, and Edge 90+. Please ensure you're using a supported browser version for the best experience.

If you're still experiencing issues, please feel free to provide more details about the error message or the specific problem you're facing. This will help me better understand your situation and provide more tailored guidance.

Regarding next steps, I'd like to offer my assistance in resolving your issue. If you're not satisfied with the troubleshooting steps provided, please let me know, and I'll be happy to escalate your case to our technical team for further assistance.

Please don't hesitate to reach out to me if you have any further questions or concerns. I'm committed to providing you with the best possible support and resolution.

Thank you for your patience and understanding. I look forward to hearing back from you soon.

Best regards,
[Your Name]
Customer Support Agent","While this response shows improvement from previous attempts, it still falls short of meeting our premium service standards. Here's a breakdown of the issues:  1. EMPATHY: The response acknowledges the customer's frustration, but it's not specific enough. Instead of saying ""I can imagine how frustrating it must be,"" it would be more effective to say ""I'm so sorry to hear that you're experiencing issues and need help. I understand how frustrating it can be to encounter a problem that's holding you back."" 2. LENGTH: The response is a good length, but some sections feel a bit repetitive. For example, the reminder about browser compatibility could be condensed into a single sentence. 3. SPECIFICITY: The troubleshooting steps are specific, but the language is a bit vague. Instead of saying ""please follow these steps,"" it would be more effective to provide a clear, step-by-step guide. 4. PERSONALIZATION: The response addresses the customer's issue, but it's not tailored to their specific situation. To improve, the agent could ask more questions to understand the customer's context and provide more targeted guidance. 5. COMPLETENESS: The response addresses the customer's issue, but it's not comprehensive. For example, it doesn't provide any information about what to do if the troubleshooting steps don't work. 6. FOLLOW-UP: The response provides clear next steps, but it could be more explicit about what",Max attempts reached
2025-08-06T19:02:40.501679,billing issue,I paid for my subscription but got charged twice the price,billing,3,"Dear [Customer],

I'm deeply sorry to hear that you've been charged twice the price for your subscription. I can imagine how upsetting this must be for you, and I want to assure you that we're committed to resolving this issue as quickly and efficiently as possible.

Firstly, I'd like to acknowledge that this is not the experience we strive to provide our customers. I understand that it's frustrating to receive an unexpected charge, and I'm here to help you get to the bottom of this.

To better assist you, I'd like to review the billing process with you. According to our documentation, it's possible that there was an error in processing your payment. I recommend checking your account settings to ensure that your payment method is correct and not expired. You can do this by logging into your account and navigating to the billing section.

If you're still experiencing issues, please feel free to contact our billing team, and they'll be happy to assist you in troubleshooting the discrepancy. Additionally, you can also reach out to them to request a specific invoice format if needed.

Regarding the refund process, I'd like to clarify that refunds are processed within 3-5 business days after approval. To request a refund, please provide your order number and reason for the refund request. Our billing team will review your request and get back to you with an update.

I want to assure you that we're committed to resolving this issue and providing you with a seamless billing experience. If you have any further questions or concerns, please don't hesitate to reach out to me directly. I'm here to help.

Thank you for your patience and understanding, and I look forward to resolving this issue for you.

Best regards,
[Your Name]
Customer Support Agent","1. EMPATHY: The response acknowledges the customer's frustration, but it's not specific enough. Instead of saying ""I understand,"" the response should use more empathetic language, such as ""I can imagine how upsetting this must be for you"" or ""I'm deeply sorry to hear that you've been charged twice the price."" (Score: 6/10) 2. LENGTH: The response is 176 words, which is above the minimum requirement of 80 words. However, it could be more detailed and provide more specific steps to resolve the issue. (Score: 8/10) 3. SPECIFICITY: The response provides some specific steps, such as checking account settings and contacting the billing team. However, it could be more detailed and provide more concrete actions to take. For example, it could specify what information to provide when requesting a refund or what to expect during the refund process. (Score: 7/10) 4. PERSONALIZATION: The response addresses the customer's specific situation, but it could be more personalized. For example, it could acknowledge the customer's specific concerns or provide more tailored solutions. (Score: 7/10) 5. COMPLETENESS: The response addresses most parts of the customer's inquiry, but it could be more comprehensive. For example, it could provide more information about the billing process or what to expect during the refund process. (Score:",Max attempts reached
2025-08-06T19:04:21.205675,payment issue,payment got charged twice the actual price,billing,3,"Dear [Customer],

I'm so sorry to hear that you've experienced the frustrating issue of being charged twice the actual price for your subscription. I can understand how this would cause concern and disrupt your usual billing experience.

According to our documentation, I'd like to clarify that all invoices are sent to your registered email address, and you can also download them from the billing section of your account settings. If you're experiencing payment method issues, please log in to your account, go to the billing section, and verify that your card details are correct and not expired.

To resolve this issue, I recommend checking your account settings to ensure that your payment method is up-to-date and correct. If you're still experiencing issues, please provide your order number and reason for the refund request so that we can investigate further. Our refund policy states that refunds are processed within 3-5 business days after approval.

If you're still having trouble after updating your payment method, please don't hesitate to reach out to me, and I'll work with you to resolve this issue and ensure that you're satisfied with the outcome.

Please note that our billing cycles and timing are as follows: [insert relevant information]. This should help you understand when your next payment will be processed.

I hope this information is helpful in resolving your issue. If you have any further questions or concerns, please don't hesitate to reach out to me. I'm here to assist you.

Thank you for your patience and understanding.

Best regards,
[Your Name]","1. EMPATHY: The response acknowledges the customer's frustration, but the language is somewhat generic and doesn't fully convey empathy. For example, ""I can understand how this would cause concern"" is a good start, but it would be more effective to say something like ""I'm deeply sorry to hear that you've experienced this issue, and I can imagine how frustrating it must be for you."" 2. LENGTH: The response is a good length, but some sections could be condensed or reorganized for better flow. 3. SPECIFICITY: The response provides some specific steps, but they are somewhat vague. For example, ""check your account settings to ensure that your payment method is up-to-date and correct"" is a good start, but it would be more effective to provide specific instructions, such as ""log in to your account, go to the billing section, and verify that your card details are correct and not expired."" 4. PERSONALIZATION: The response addresses the customer's specific situation, but it could be more personalized. For example, the response could acknowledge the customer's specific billing issue and provide more tailored guidance. 5. COMPLETENESS: The response addresses most parts of the customer's inquiry, but it could be more comprehensive. For example, the response could provide more information about the billing cycle and processing times. 6. FOLLOW-UP: The response provides clear next steps and contact information, but it",Max attempts reached
2025-08-06T19:06:40.233456,testing,i need help please,general,3,"Dear [Customer],

I'm so sorry to hear that you're feeling overwhelmed and unsure of what to do next. I'm here to help you work through your issue and provide you with the support you need.

I understand that your initial request was quite vague, and I apologize if my previous response didn't fully address your concerns. I'd like to start by acknowledging that we're here to help and that we're committed to resolving your issue as quickly and efficiently as possible.

Before we proceed, I'd like to clarify a few things. Our customer support team is available Monday through Friday, 9 AM to 6 PM EST. If you have an urgent issue outside these hours, please use our emergency contact form. I'd also like to remind you that account deletion is permanent and cannot be undone. If you're considering deleting your account, please download any important data before requesting deletion, as per our documentation.

Regarding your request for help, I'd like to ask a few specific questions to better understand your situation. Can you please tell me more about what you're trying to accomplish or what issue you're facing? This will help me provide you with more personalized guidance and support.

In the meantime, I recommend checking out our getting started guide in the help center, which covers account setup, basic features, and common workflows to help you get up and running quickly. You can also submit feature requests through our feedback form in your account dashboard, and our product team reviews all suggestions monthly.

Once I have a better understanding of your issue, I'll be happy to provide you with clear next steps or solutions. Please know that I'll do my best to keep you updated on the progress of your issue and provide you with a timeline for resolution.

Thank you for reaching out to us, and I look forward to hearing back from you soon.

Best regards,
[Your Name]
Customer Support Agent","1. EMPATHY: The response acknowledges the customer's frustration, but it's not specific enough. Instead of saying ""I'm so sorry to hear that you're feeling overwhelmed,"" it would be more effective to say ""I can imagine how frustrating it must be to feel stuck and unsure of what to do next."" (Score: 6/10) 2. LENGTH: The response is a bit lengthy, but it's not excessively so. However, some sections could be condensed for better flow. (Score: 7/10) 3. SPECIFICITY: The response provides some specific information, such as the customer support team's availability and the process for submitting feature requests. However, it could be more detailed and actionable. For example, instead of just saying ""check out our getting started guide,"" it could provide a direct link or a brief summary of the guide's contents. (Score: 6/10) 4. PERSONALIZATION: The response addresses the customer's general situation, but it could be more tailored to their specific needs. For example, it could ask more targeted questions about their issue or provide more relevant examples. (Score: 5/10) 5. COMPLETENESS: The response covers some aspects of the customer's inquiry, but it could be more comprehensive. For example, it doesn't explicitly address the customer's request for help or provide a clear plan for resolution. (Score:",Max attempts reached
2025-08-06T19:48:22.880435,help,help i can't breathe,general,3,"Dear [Customer],

I'm deeply sorry to hear that you're experiencing such a high level of distress that you're feeling like you can't breathe. That sounds incredibly overwhelming and frightening. I want to assure you that I'm here to help and support you as best as I can.

Before we proceed, I want to acknowledge that your issue is not related to our services or platform. Our team is available Monday through Friday, 9 AM to 6 PM EST, and for urgent issues outside these hours, you can use our emergency contact form. However, I understand that your concern is more pressing and requires immediate attention.

I want to emphasize that our platform is designed to provide a safe and secure environment for our users. If you're feeling overwhelmed or distressed, I recommend reaching out to a trusted friend, family member, or mental health professional for support.

In the meantime, I want to encourage you to take a few deep breaths and try to focus on your immediate surroundings. If you're in a safe location, please try to stay calm and wait for help to arrive.

Please know that I'm here to support you, and I'll do my best to provide any additional guidance or resources that I can. If you're willing, could you please provide more information about what's causing your distress and what you've tried so far to resolve the issue? This will help me better understand your situation and provide more tailored support.

Remember, your safety and well-being are our top priority. If you need immediate assistance, please don't hesitate to reach out to emergency services or a crisis hotline.

Thank you for reaching out to us, and I hope to hear back from you soon.

Best regards,
[Your Name]
Customer Support Agent","1. EMPATHY: The response acknowledges the customer's distress, but it's not specific enough. Instead of just saying ""I'm deeply sorry,"" the response could have provided more concrete empathetic language, such as ""I can imagine how terrifying it must feel to be in a situation where you're feeling like you can't breathe."" 2. LENGTH: The response is a bit lengthy, but it's not excessively so. However, it could be improved by providing more concrete steps or resources for the customer to take. 3. SPECIFICITY: The response provides some specific information, such as the availability of the support team and the emergency contact form. However, it could be improved by providing more concrete steps for the customer to take to resolve their issue. 4. PERSONALIZATION: The response addresses the customer's specific situation, but it could be improved by providing more tailored guidance and resources. 5. COMPLETENESS: The response addresses most parts of the customer's inquiry, but it could be improved by providing more information about what the customer can expect from the support team and what resources are available to them. 6. FOLLOW-UP: The response provides some clear next steps, such as the customer providing more information about their situation. However, it could be improved by providing more specific guidance on what the customer can expect from the support team and what resources are available to them.  Overall, the response is a good start,",Max attempts reached
2025-08-06T20:17:25.943617,Ticket problem,I have problem purchasing,general,3,"Dear [Customer],

I'm so sorry to hear that you're having trouble purchasing. I can understand how frustrating it must be to encounter an issue with something as important as this. I'm here to help you resolve this issue as quickly and efficiently as possible.

Before we begin troubleshooting, I'd like to confirm that our customer support team is available to assist you during our regular business hours, Monday through Friday, 9 AM to 6 PM EST. If you're experiencing an urgent issue outside of these hours, please feel free to use our emergency contact form.

Regarding your purchasing issue, I'd like to direct you to our **Getting Started Guide** in the help center. This resource provides a comprehensive overview of our platform, including account setup, basic features, and common workflows. It's possible that the issue you're experiencing may be related to a misunderstanding or misconfiguration.

If you've already reviewed the getting started guide and are still encountering issues, I'd be happy to help you troubleshoot further. Could you please provide more details about the error message you're receiving or the specific steps you're taking when attempting to purchase? This information will help me better understand your situation and provide more targeted assistance.

In the meantime, I recommend checking our **Support Hours** documentation to ensure that you're reaching out to us during our available hours. Additionally, if you're concerned about account deletion, please review our **Account Deletion** documentation to understand the permanent nature of this action and the importance of downloading any important data before requesting deletion.

If you have any further questions or concerns, please don't hesitate to reach out. I'm committed to providing you with personalized guidance and support to help you resolve your issue. You can contact me directly at [support email] or [support phone number] for follow-up assistance.

Thank you for your patience and cooperation. I look forward to helping you resolve your purchasing issue.

Best regards,
[Your Name]
Customer Support Agent","1. EMPATHY: The response acknowledges the customer's frustration, but it's a generic ""I can understand"" statement. It would be more effective to use specific empathetic language, such as ""I'm so sorry to hear that you're having trouble purchasing, and I can imagine how frustrating it must be to encounter an issue with something as important as this."" 2. LENGTH: The response is 246 words, which is above the minimum requirement of 80 words. However, it's still a bit too long and could be condensed to focus on the most important information. 3. SPECIFICITY: The response provides some specific steps, such as directing the customer to the Getting Started Guide and asking for more details about the error message. However, it could be more specific in its troubleshooting approach and provide more concrete actions for the customer to take. 4. PERSONALIZATION: The response addresses the customer's specific situation, but it could be more personalized by acknowledging their specific issue (purchasing problem) and providing more tailored guidance. 5. COMPLETENESS: The response addresses most parts of the customer's inquiry, but it could be more comprehensive by providing more detailed information about the purchasing process and potential solutions. 6. FOLLOW-UP: The response provides clear next steps and contact information, but it could be more explicit in its follow-up plan, such as providing a specific timeline for resolution or a dedicated support agent for",Max attempts reached
2025-11-12T05:48:27.082302,Double charged this month,I was charged $29.99 twice for my subscription. Need refund.,billing,3,"Thank you for contacting us about your billing inquiry. I understand your concern and want to help resolve this for you. Please allow me some time to review your account details, and I'll get back to you within 24 hours with a comprehensive response. If this is urgent, please contact our billing support team directly.",Unable to complete review due to technical issues. Please revise the response to be more helpful and accurate.,Max attempts reached
2025-11-12T05:48:58.779487,Cannot login to my account,I keep getting invalid credentials error even though my password is correct,security,3,"Thank you for bringing this security concern to our attention. Your account security is our top priority. As a precautionary measure, please change your password immediately if you haven't already done so. I'm escalating this to our security team who will review your account and contact you within 2 hours.",Unable to complete review due to technical issues. Please revise the response to be more helpful and accurate.,Max attempts reached
2025-11-12T05:49:20.589265,App keeps crashing,The mobile app crashes when I open the reports section on iPhone 13,technical,3,"Thank you for reaching out about this technical issue. I understand how frustrating this can be. While I gather more information to provide you with the best solution, please try these quick steps: clear your browser cache, ensure you're using the latest version of the application, and restart your device. I'll follow up with more specific guidance shortly.",Unable to complete review due to technical issues. Please revise the response to be more helpful and accurate.,Max attempts reached
2025-11-12T05:49:27.349328,How to export data?,I need to export all my data for backup. Cannot find the option.,general,3,"Thank you for contacting our support team. I understand you need assistance, and I'm here to help. I'm currently reviewing your inquiry to provide you with the most accurate information. I'll respond with detailed guidance within 24 hours. If you have any urgent concerns, please don't hesitate to reach out again.",Unable to complete review due to technical issues. Please revise the response to be more helpful and accurate.,Max attempts reached
2025-11-12T05:49:49.124281,login issue,I can't login,security,3,"Thank you for bringing this security concern to our attention. Your account security is our top priority. As a precautionary measure, please change your password immediately if you haven't already done so. I'm escalating this to our security team who will review your account and contact you within 2 hours.",Unable to complete review due to technical issues. Please revise the response to be more helpful and accurate.,Max attempts reached
2025-11-12T05:51:04.433195,Payment Method Issues,My card is getting declined.,billing,3,"Thank you for contacting us about your billing inquiry. I understand your concern and want to help resolve this for you. Please allow me some time to review your account details, and I'll get back to you within 24 hours with a comprehensive response. If this is urgent, please contact our billing support team directly.",Unable to complete review due to technical issues. Please revise the response to be more helpful and accurate.,Max attempts reached
2025-11-12T05:51:35.404769,I wanted a refund,I am not able to get a refund.,billing,3,"Thank you for contacting us about your billing inquiry. I understand your concern and want to help resolve this for you. Please allow me some time to review your account details, and I'll get back to you within 24 hours with a comprehensive response. If this is urgent, please contact our billing support team directly.",Unable to complete review due to technical issues. Please revise the response to be more helpful and accurate.,Max attempts reached
2025-11-12T05:54:41.411168,I wanted a refund,I am not able to get a refund.,billing,3,"Thank you for contacting us about your billing inquiry. I understand your concern and want to help resolve this for you. Please allow me some time to review your account details, and I'll get back to you within 24 hours with a comprehensive response. If this is urgent, please contact our billing support team directly.",Unable to complete review due to technical issues. Please revise the response to be more helpful and accurate.,Max attempts reached
2025-11-12T05:55:51.325572,Cannot login to my account,I keep getting invalid credentials error even though my password is correct,security,3,"Thank you for bringing this security concern to our attention. Your account security is our top priority. As a precautionary measure, please change your password immediately if you haven't already done so. I'm escalating this to our security team who will review your account and contact you within 2 hours.",Unable to complete review due to technical issues. Please revise the response to be more helpful and accurate.,Max attempts reached
2025-11-12T05:56:33.313800,Double charged this month,I was charged $29.99 twice for my subscription. Need refund.,billing,3,"Thank you for contacting us about your billing inquiry. I understand your concern and want to help resolve this for you. Please allow me some time to review your account details, and I'll get back to you within 24 hours with a comprehensive response. If this is urgent, please contact our billing support team directly.",Unable to complete review due to technical issues. Please revise the response to be more helpful and accurate.,Max attempts reached
